labels_used,accuracy,f1,recall,precision,auc,sim_id,seed
400,0.9218547341115434,0.09737827715355805,0.07027027027027027,0.15853658536585366,0.6919646103502606,0,42
450,0.9276913099870299,0.05907172995780591,0.03783783783783784,0.1346153846153846,0.7118596347295899,0,42
500,0.9260700389105059,0.12307692307692308,0.08648648648648649,0.21333333333333335,0.7350046148252426,0,42
550,0.9250972762645915,0.10116731517509728,0.07027027027027027,0.18055555555555555,0.7125868193132767,0,42
600,0.9254215304798963,0.0873015873015873,0.05945945945945946,0.16417910447761194,0.7083877944864492,0,42
650,0.9267185473411155,0.12403100775193798,0.08648648648648649,0.2191780821917808,0.6976702124684188,0,42
700,0.9231517509727627,0.11235955056179775,0.08108108108108109,0.18292682926829268,0.7113767095829877,0,42
750,0.9250972762645915,0.12830188679245283,0.0918918918918919,0.2125,0.7108303888572948,0,42
800,0.9270428015564203,0.13127413127413126,0.0918918918918919,0.22972972972972974,0.7116955520542966,0,42
850,0.9276913099870299,0.13229571984435798,0.0918918918918919,0.2361111111111111,0.7170021349393547,0,42
900,0.9286640726329443,0.10569105691056911,0.07027027027027027,0.21311475409836064,0.7280646634906724,0,42
950,0.9286640726329443,0.11290322580645161,0.07567567567567568,0.2222222222222222,0.7158535562123006,0,42
1000,0.9309338521400778,0.10126582278481013,0.06486486486486487,0.23076923076923078,0.7358595228550385,0,42
1050,0.9312581063553826,0.08620689655172414,0.05405405405405406,0.2127659574468085,0.7293847831964424,0,42
1100,0.933852140077821,0.07272727272727272,0.043243243243243246,0.22857142857142856,0.7240054818530156,0,42
1150,0.9341763942931258,0.05581395348837209,0.032432432432432434,0.2,0.734333367517224,0,42
1200,0.9345006485084306,0.08181818181818182,0.04864864864864865,0.2571428571428571,0.726518930106374,0,42
1250,0.9341763942931258,0.05581395348837209,0.032432432432432434,0.2,0.7239551383049141,0,42
1300,0.9345006485084306,0.08181818181818182,0.04864864864864865,0.2571428571428571,0.7340313062286156,0,42
1350,0.9348249027237354,0.06511627906976744,0.03783783783783784,0.23333333333333334,0.719056897532234,0,42
1400,0.9325551232166018,0.05454545454545454,0.032432432432432434,0.17142857142857143,0.7425188555233397,0,42
1450,0.933852140077821,0.08928571428571429,0.05405405405405406,0.2564102564102564,0.7441391719418626,0,42
400,0.9276913099870299,0.11155378486055777,0.07567567567567568,0.21212121212121213,0.6944444962382182,1,43
450,0.9250972762645915,0.12830188679245283,0.0918918918918919,0.2125,0.7009350847915871,1,43
500,0.9199092088197146,0.1453287197231834,0.11351351351351352,0.20192307692307693,0.6946495995823349,1,43
550,0.9257457846952011,0.14869888475836432,0.10810810810810811,0.23809523809523808,0.6915133829932036,1,43
600,0.9273670557717251,0.15151515151515152,0.10810810810810811,0.25316455696202533,0.7213708361690426,1,43
650,0.9260700389105059,0.16176470588235295,0.11891891891891893,0.25287356321839083,0.7356311123127266,1,43
700,0.9263942931258107,0.149812734082397,0.10810810810810811,0.24390243902439024,0.736706972581412,1,43
750,0.9276913099870299,0.13229571984435798,0.0918918918918919,0.2361111111111111,0.7529772614974409,1,43
800,0.9289883268482491,0.10612244897959183,0.07027027027027027,0.21666666666666667,0.7454220001305204,1,43
850,0.9260700389105059,0.1297709923664122,0.0918918918918919,0.22077922077922077,0.7590688308177097,1,43
900,0.9215304798962386,0.09022556390977443,0.06486486486486487,0.14814814814814814,0.7477900114671415,1,43
950,0.9238002594033723,0.08560311284046693,0.05945945945945946,0.1527777777777778,0.7456867699020167,1,43
1000,0.920881971465629,0.07575757575757576,0.05405405405405406,0.12658227848101267,0.7382955912103893,1,43
1050,0.9257457846952011,0.08032128514056225,0.05405405405405406,0.15625,0.7383571222136245,1,43
1100,0.9241245136186771,0.12030075187969924,0.08648648648648649,0.19753086419753085,0.7469509523321183,1,43
1150,0.9215304798962386,0.09022556390977443,0.06486486486486487,0.14814814814814814,0.7539673512767684,1,43
1200,0.9231517509727627,0.09195402298850575,0.06486486486486487,0.15789473684210525,0.7645879753503072,1,43
1250,0.9241245136186771,0.09302325581395349,0.06486486486486487,0.1643835616438356,0.7714048646784074,1,43
1300,0.9267185473411155,0.096,0.06486486486486487,0.18461538461538463,0.7554907097507996,1,43
1350,0.9257457846952011,0.09486166007905138,0.06486486486486487,0.17647058823529413,0.7524868780474161,1,43
1400,0.9286640726329443,0.10569105691056911,0.07027027027027027,0.21311475409836064,0.763307011737505,1,43
1450,0.9247730220492867,0.08661417322834646,0.05945945945945946,0.15942028985507245,0.7788575743732695,1,43
400,0.9182879377431906,0.136986301369863,0.10810810810810811,0.18691588785046728,0.6782077696875902,2,44
450,0.9166666666666666,0.16286644951140064,0.13513513513513514,0.20491803278688525,0.6876033674239952,2,44
500,0.9195849546044098,0.1388888888888889,0.10810810810810811,0.1941747572815534,0.6990891546945359,2,44
550,0.9270428015564203,0.17582417582417584,0.12972972972972974,0.2727272727272727,0.7241751582558758,2,44
600,0.9276913099870299,0.09716599190283401,0.06486486486486487,0.1935483870967742,0.7009798346121215,2,44
650,0.9250972762645915,0.10116731517509728,0.07027027027027027,0.18055555555555555,0.6956135852996839,2,44
700,0.9260700389105059,0.10236220472440945,0.07027027027027027,0.18840579710144928,0.7218388447087999,2,44
750,0.9257457846952011,0.12260536398467432,0.08648648648648649,0.21052631578947367,0.7315309100062464,2,44
800,0.9241245136186771,0.09302325581395349,0.06486486486486487,0.1643835616438356,0.7114718029516235,2,44
850,0.9270428015564203,0.08906882591093117,0.05945945945945946,0.1774193548387097,0.7090441251876229,2,44
900,0.9283398184176395,0.10526315789473684,0.07027027027027027,0.20967741935483872,0.7264909614685399,2,44
950,0.9286640726329443,0.09090909090909091,0.05945945945945946,0.19298245614035087,0.7199332481843693,2,44
1000,0.9312581063553826,0.09401709401709402,0.05945945945945946,0.22448979591836735,0.7342662427864222,2,44
1050,0.9289883268482491,0.060085836909871244,0.03783783783783784,0.14583333333333334,0.7274624054893113,2,44
1100,0.9289883268482491,0.09876543209876543,0.06486486486486487,0.20689655172413793,0.7506875623467553,2,44
1150,0.9286640726329443,0.08333333333333333,0.05405405405405406,0.18181818181818182,0.7529884489525747,2,44
1200,0.9302853437094682,0.12244897959183673,0.08108108108108109,0.25,0.7521372700744898,2,44
1250,0.9319066147859922,0.09482758620689655,0.05945945945945946,0.23404255319148937,0.7486551746641432,2,44
1300,0.9302853437094682,0.06926406926406926,0.043243243243243246,0.17391304347826086,0.7690853323140319,2,44
1350,0.9299610894941635,0.0847457627118644,0.05405405405405406,0.19607843137254902,0.7761147832896712,2,44
1400,0.9335278858625162,0.11255411255411256,0.07027027027027027,0.2826086956521739,0.7821131238171596,2,44
1450,0.932230869001297,0.10300429184549356,0.06486486486486487,0.25,0.7824953618675592,2,44
400,0.9231517509727627,0.07782101167315175,0.05405405405405406,0.1388888888888889,0.6592282520533641,3,45
450,0.9299610894941635,0.06896551724137931,0.043243243243243246,0.1702127659574468,0.6962382182113124,3,45
500,0.9247730220492867,0.10077519379844961,0.07027027027027027,0.1780821917808219,0.6993986742865667,3,45
550,0.930609597924773,0.09322033898305085,0.05945945945945946,0.21568627450980393,0.7167392297437141,3,45
600,0.9283398184176395,0.05150214592274678,0.032432432432432434,0.125,0.6921603908150993,3,45
650,0.9299610894941635,0.06086956521739131,0.03783783783783784,0.15555555555555556,0.7002694312111353,3,45
700,0.9257457846952011,0.04184100418410042,0.02702702702702703,0.09259259259259259,0.6999729636500938,3,45
750,0.9289883268482491,0.0759493670886076,0.04864864864864865,0.17307692307692307,0.7066649263958681,3,45
800,0.9283398184176395,0.06751054852320675,0.043243243243243246,0.15384615384615385,0.7150965384149242,3,45
850,0.9228274967574579,0.10526315789473684,0.07567567567567568,0.1728395061728395,0.7217754491297091,3,45
900,0.9254215304798963,0.08,0.05405405405405406,0.15384615384615385,0.7189170543430633,3,45
950,0.9283398184176395,0.07531380753138076,0.04864864864864865,0.16666666666666666,0.7241024397975071,3,45
1000,0.9267185473411155,0.08130081300813008,0.05405405405405406,0.16393442622950818,0.7266382629611329,3,45
1050,0.9247730220492867,0.07936507936507936,0.05405405405405406,0.14925373134328357,0.7236400249853165,3,45
1100,0.9254215304798963,0.06504065040650407,0.043243243243243246,0.13114754098360656,0.7170133223944883,3,45
1150,0.9257457846952011,0.0728744939271255,0.04864864864864865,0.14516129032258066,0.7187175447265133,3,45
1200,0.9270428015564203,0.06639004149377593,0.043243243243243246,0.14285714285714285,0.7283928288412593,3,45
1250,0.9228274967574579,0.06299212598425197,0.043243243243243246,0.11594202898550725,0.7344806690098171,3,45
1300,0.9247730220492867,0.056910569105691054,0.03783783783783784,0.11475409836065574,0.7290062742977541,3,45
1350,0.9195849546044098,0.046153846153846156,0.032432432432432434,0.08,0.7338280674603544,3,45
1400,0.9189364461738002,0.04580152671755725,0.032432432432432434,0.07792207792207792,0.7460391747387263,3,45
1450,0.9212062256809338,0.03187250996015936,0.021621621621621623,0.06060606060606061,0.7452653757586494,3,45
400,0.9247730220492867,0.09375,0.06486486486486487,0.16901408450704225,0.6296737924540615,4,46
450,0.9215304798962386,0.08333333333333333,0.05945945945945946,0.13924050632911392,0.6239299665308634,4,46
500,0.9244487678339819,0.07905138339920949,0.05405405405405406,0.14705882352941177,0.6686947036722821,4,46
550,0.9225032425421531,0.12454212454212454,0.0918918918918919,0.19318181818181818,0.667546124945228,4,46
600,0.9212062256809338,0.09665427509293681,0.07027027027027027,0.15476190476190477,0.6626907694172268,4,46
650,0.9199092088197146,0.08178438661710037,0.05945945945945946,0.13095238095238096,0.6753978538731903,4,46
700,0.9231517509727627,0.09885931558935361,0.07027027027027027,0.16666666666666666,0.6952481284319849,4,46
750,0.9189364461738002,0.10714285714285714,0.08108108108108109,0.15789473684210525,0.7116246981717833,4,46
800,0.9228274967574579,0.10526315789473684,0.07567567567567568,0.1728395061728395,0.7157491399643866,4,46
850,0.9195849546044098,0.0948905109489051,0.07027027027027027,0.14606741573033707,0.7025404846032648,4,46
900,0.9189364461738002,0.09420289855072464,0.07027027027027027,0.14285714285714285,0.7032117319112835,4,46
950,0.9250972762645915,0.08695652173913043,0.05945945945945946,0.16176470588235295,0.6990425402981457,4,46
1000,0.9225032425421531,0.0842911877394636,0.05945945945945946,0.14473684210526316,0.7012707084455964,4,46
1050,0.9244487678339819,0.10038610038610038,0.07027027027027027,0.17567567567567569,0.7062826883454687,4,46
1100,0.9289883268482491,0.0759493670886076,0.04864864864864865,0.17307692307692307,0.7282045066798429,4,46
1150,0.9257457846952011,0.03375527426160337,0.021621621621621623,0.07692307692307693,0.7328752691981392,4,46
1200,0.9276913099870299,0.04291845493562232,0.02702702702702703,0.10416666666666667,0.7320194288804154,4,46
1250,0.9247730220492867,0.056910569105691054,0.03783783783783784,0.11475409836065574,0.7286109842163654,4,46
1300,0.9267185473411155,0.07377049180327869,0.04864864864864865,0.15254237288135594,0.7226424769025666,4,46
1350,0.9273670557717251,0.06666666666666667,0.043243243243243246,0.14545454545454545,0.7298453334327775,4,46
1400,0.9296368352788587,0.05240174672489083,0.032432432432432434,0.13636363636363635,0.7416480985987713,4,46
1450,0.9283398184176395,0.059574468085106386,0.03783783783783784,0.14,0.7445083579612729,4,46
400,0.9199092088197146,0.06792452830188679,0.04864864864864865,0.1125,0.6540764289643214,5,47
450,0.9202334630350194,0.05384615384615385,0.03783783783783784,0.09333333333333334,0.6459431490821625,5,47
500,0.9202334630350194,0.05384615384615385,0.03783783783783784,0.09333333333333334,0.6272917967985232,5,47
550,0.9212062256809338,0.06896551724137931,0.04864864864864865,0.11842105263157894,0.6448561013583435,5,47
600,0.9234760051880675,0.03278688524590164,0.021621621621621623,0.06779661016949153,0.6702814577254039,5,47
650,0.9234760051880675,0.08527131782945736,0.05945945945945946,0.1506849315068493,0.6923710878867829,5,47
700,0.9270428015564203,0.08906882591093117,0.05945945945945946,0.1774193548387097,0.6986714897028797,5,47
750,0.9273670557717251,0.0967741935483871,0.06486486486486487,0.19047619047619047,0.7015485302480818,5,47
800,0.9260700389105059,0.09523809523809523,0.06486486486486487,0.1791044776119403,0.7321574074937303,5,47
850,0.9244487678339819,0.08627450980392157,0.05945945945945946,0.15714285714285714,0.7291890027316036,5,47
900,0.9280155642023347,0.08264462809917356,0.05405405405405406,0.17543859649122806,0.734090972655995,5,47
950,0.9286640726329443,0.12698412698412698,0.08648648648648649,0.23880597014925373,0.7502587098999655,5,47
1000,0.932230869001297,0.11063829787234042,0.07027027027027027,0.26,0.7398096268051425,5,47
1050,0.930609597924773,0.10833333333333334,0.07027027027027027,0.23636363636363636,0.7455431975611349,5,47
1100,0.9312581063553826,0.0782608695652174,0.04864864864864865,0.2,0.7561470404519733,5,47
1150,0.9293125810635539,0.09917355371900827,0.06486486486486487,0.21052631578947367,0.7623001407754771,5,47
1200,0.9296368352788587,0.1214574898785425,0.08108108108108109,0.24193548387096775,0.7439750892665691,5,47
1250,0.9276913099870299,0.08979591836734693,0.05945945945945946,0.18333333333333332,0.7604784501645488,5,47
1300,0.9319066147859922,0.07079646017699115,0.043243243243243246,0.1951219512195122,0.7576759926535712,5,47
1350,0.9312581063553826,0.07017543859649122,0.043243243243243246,0.18604651162790697,0.7534023847925193,5,47
1400,0.9315823605706874,0.06222222222222222,0.03783783783783784,0.175,0.7491064020212003,5,47
1450,0.9312581063553826,0.05357142857142857,0.032432432432432434,0.15384615384615385,0.7345254188303516,5,47
400,0.9254215304798963,0.08,0.05405405405405406,0.15384615384615385,0.6750510427640473,6,48
450,0.9276913099870299,0.10441767068273092,0.07027027027027027,0.203125,0.71611273225623,6,48
500,0.9289883268482491,0.0912863070539419,0.05945945945945946,0.19642857142857142,0.7116191044442165,6,48
550,0.9241245136186771,0.11363636363636363,0.08108108108108109,0.189873417721519,0.7473070863205392,6,48
600,0.9263942931258107,0.08835341365461848,0.05945945945945946,0.171875,0.7537585187809405,6,48
650,0.9270428015564203,0.11067193675889328,0.07567567567567568,0.20588235294117646,0.7520393798420704,6,48
700,0.9273670557717251,0.08196721311475409,0.05405405405405406,0.1694915254237288,0.7594025898958636,6,48
750,0.9267185473411155,0.08130081300813008,0.05405405405405406,0.16393442622950818,0.742646578969449,6,48
800,0.9276913099870299,0.08979591836734693,0.05945945945945946,0.18333333333333332,0.7447470236707905,6,48
850,0.9293125810635539,0.12096774193548387,0.08108108108108109,0.23809523809523808,0.7528206371255699,6,48
900,0.9289883268482491,0.09876543209876543,0.06486486486486487,0.20689655172413793,0.7468111091429477,6,48
950,0.9280155642023347,0.11904761904761904,0.08108108108108109,0.22388059701492538,0.7690685511313314,6,48
1000,0.9286640726329443,0.09836065573770492,0.06486486486486487,0.2033898305084746,0.7677764000633955,6,48
1050,0.9286640726329443,0.09836065573770492,0.06486486486486487,0.2033898305084746,0.7607730531497348,6,48
1100,0.9283398184176395,0.09795918367346938,0.06486486486486487,0.2,0.7736815117981038,6,48
1150,0.9312581063553826,0.1092436974789916,0.07027027027027027,0.24528301886792453,0.7631578456690565,6,48
1200,0.9312581063553826,0.1092436974789916,0.07027027027027027,0.24528301886792453,0.7766844112135591,6,48
1250,0.9309338521400778,0.1306122448979592,0.08648648648648649,0.26666666666666666,0.7673922974371405,6,48
1300,0.9299610894941635,0.11475409836065574,0.07567567567567568,0.23728813559322035,0.757567847253946,6,48
1350,0.9309338521400778,0.13765182186234817,0.0918918918918919,0.27419354838709675,0.7700735575175037,6,48
1400,0.930609597924773,0.13709677419354838,0.0918918918918919,0.2698412698412698,0.7661355733104612,6,48
1450,0.9302853437094682,0.13654618473895583,0.0918918918918919,0.265625,0.7669242888973832,6,48
400,0.9166666666666666,0.1288135593220339,0.10270270270270271,0.17272727272727273,0.705810950654,7,49
450,0.9186121919584954,0.10676156583629894,0.08108108108108109,0.15625,0.7356161957058818,7,49
500,0.9169909208819714,0.14666666666666667,0.11891891891891893,0.19130434782608696,0.7564640183474264,7,49
550,0.9221789883268483,0.13043478260869565,0.0972972972972973,0.1978021978021978,0.7382508413898549,7,49
600,0.9156939040207522,0.1095890410958904,0.08648648648648649,0.14953271028037382,0.7440776409386275,7,49
650,0.920881971465629,0.1223021582733813,0.0918918918918919,0.1827956989247312,0.7620801208245154,7,49
700,0.9260700389105059,0.1297709923664122,0.0918918918918919,0.22077922077922077,0.7634095634095635,7,49
750,0.9234760051880675,0.10606060606060606,0.07567567567567568,0.17721518987341772,0.7476110121850033,7,49
800,0.9156939040207522,0.11564625850340136,0.0918918918918919,0.1559633027522936,0.7442696922517551,7,49
850,0.917639429312581,0.09929078014184398,0.07567567567567568,0.14432989690721648,0.7443582596048964,7,49
900,0.9166666666666666,0.11683848797250859,0.0918918918918919,0.16037735849056603,0.7466349067245929,7,49
950,0.914396887159533,0.14285714285714285,0.11891891891891893,0.17886178861788618,0.7431127229333508,7,49
1000,0.9127756160830091,0.1237785016286645,0.10270270270270271,0.1557377049180328,0.747174701434791,7,49
1050,0.9166666666666666,0.11072664359861592,0.08648648648648649,0.15384615384615385,0.7547448794085564,7,49
1100,0.9134241245136187,0.14696485623003194,0.12432432432432433,0.1796875,0.7589327167802504,7,49
1150,0.9134241245136187,0.13029315960912052,0.10810810810810811,0.16393442622950818,0.7585868379590353,7,49
1200,0.9105058365758755,0.09210526315789473,0.07567567567567568,0.11764705882352941,0.7512888880601886,7,49
1250,0.9124513618677043,0.1118421052631579,0.0918918918918919,0.14285714285714285,0.7627923888013574,7,49
1300,0.9130998702983139,0.10666666666666667,0.08648648648648649,0.1391304347826087,0.7607786468773015,7,49
1350,0.9173151750972762,0.11764705882352941,0.0918918918918919,0.16346153846153846,0.7596692242432154,7,49
1400,0.9156939040207522,0.07801418439716312,0.05945945945945946,0.1134020618556701,0.7470255353663425,7,49
1450,0.9173151750972762,0.07942238267148015,0.05945945945945946,0.11956521739130435,0.7544428181199483,7,49
400,0.9247730220492867,0.1076923076923077,0.07567567567567568,0.18666666666666668,0.6745662530415895,8,50
450,0.9257457846952011,0.12260536398467432,0.08648648648648649,0.21052631578947367,0.7168287293847831,8,50
500,0.9280155642023347,0.1328125,0.0918918918918919,0.23943661971830985,0.734366929882625,8,50
550,0.9221789883268483,0.12408759124087591,0.0918918918918919,0.19101123595505617,0.7226322217353608,8,50
600,0.9205577172503242,0.12811387900355872,0.0972972972972973,0.1875,0.7426829381986333,8,50
650,0.9247730220492867,0.09375,0.06486486486486487,0.16901408450704225,0.7299143227394349,8,50
700,0.9263942931258107,0.08835341365461848,0.05945945945945946,0.171875,0.7371563353626135,8,50
750,0.9293125810635539,0.06837606837606838,0.043243243243243246,0.16326530612244897,0.725754454005575,8,50
800,0.9254215304798963,0.07258064516129033,0.04864864864864865,0.14285714285714285,0.7139572825671481,8,50
850,0.9283398184176395,0.05150214592274678,0.032432432432432434,0.125,0.7334159961962653,8,50
900,0.9283398184176395,0.05150214592274678,0.032432432432432434,0.125,0.7561414467244063,8,50
950,0.9286640726329443,0.07563025210084033,0.04864864864864865,0.16981132075471697,0.7601670659966625,8,50
1000,0.9280155642023347,0.04310344827586207,0.02702702702702703,0.10638297872340426,0.7658689389631094,8,50
1050,0.9315823605706874,0.08658008658008658,0.05405405405405406,0.21739130434782608,0.7612634365997595,8,50
1100,0.9286640726329443,0.05982905982905983,0.03783783783783784,0.14285714285714285,0.7488901112219498,8,50
1150,0.9254215304798963,0.07258064516129033,0.04864864864864865,0.14285714285714285,0.757524962009267,8,50
1200,0.9276913099870299,0.0823045267489712,0.05405405405405406,0.1724137931034483,0.7535384988299787,8,50
1250,0.9267185473411155,0.07377049180327869,0.04864864864864865,0.15254237288135594,0.7485619458713628,8,50
1300,0.9309338521400778,0.06986899563318777,0.043243243243243246,0.18181818181818182,0.7517224019466172,8,50
1350,0.9286640726329443,0.03508771929824561,0.021621621621621623,0.09302325581395349,0.7550627895919376,8,50
1400,0.9319066147859922,0.05405405405405406,0.032432432432432434,0.16216216216216217,0.7568108294565693,8,50
1450,0.9299610894941635,0.07692307692307693,0.04864864864864865,0.1836734693877551,0.7734801376056981,8,50
400,0.9280155642023347,0.1328125,0.0918918918918919,0.23943661971830985,0.7018263520505674,9,51
450,0.9280155642023347,0.10483870967741936,0.07027027027027027,0.20634920634920634,0.7166366780716555,9,51
500,0.9257457846952011,0.0728744939271255,0.04864864864864865,0.14516129032258066,0.7284413078135052,9,51
550,0.9280155642023347,0.09016393442622951,0.05945945945945946,0.1864406779661017,0.7512599871344267,9,51
600,0.9241245136186771,0.09302325581395349,0.06486486486486487,0.1643835616438356,0.743999328752692,9,51
650,0.9276913099870299,0.10441767068273092,0.07027027027027027,0.203125,0.7547989521083692,9,51
700,0.9263942931258107,0.13026819923371646,0.0918918918918919,0.2236842105263158,0.7523078787652779,9,51
750,0.9273670557717251,0.16417910447761194,0.11891891891891893,0.26506024096385544,0.7562645087308766,9,51
800,0.9254215304798963,0.15441176470588236,0.11351351351351352,0.2413793103448276,0.7617500908980731,9,51
850,0.9263942931258107,0.14339622641509434,0.10270270270270271,0.2375,0.7553545957133402,9,51
900,0.9270428015564203,0.1444866920152091,0.10270270270270271,0.24358974358974358,0.7560966969038718,9,51
950,0.9286640726329443,0.16030534351145037,0.11351351351351352,0.2727272727272727,0.7444822538992942,9,51
1000,0.9325551232166018,0.14754098360655737,0.0972972972972973,0.3050847457627119,0.7567157360879333,9,51
1050,0.9286640726329443,0.140625,0.0972972972972973,0.2535211267605634,0.7562402692447536,9,51
1100,0.9309338521400778,0.12345679012345678,0.08108108108108109,0.25862068965517243,0.7525484090506513,9,51
1150,0.9309338521400778,0.1087866108786611,0.07027027027027027,0.24074074074074073,0.7512879557722607,9,51
1200,0.9309338521400778,0.1306122448979592,0.08648648648648649,0.26666666666666666,0.7477079701294947,9,51
1250,0.932230869001297,0.10300429184549356,0.06486486486486487,0.25,0.7453791148858413,9,51
1300,0.9309338521400778,0.11618257261410789,0.07567567567567568,0.25,0.7723781732750343,9,51
1350,0.9309338521400778,0.1306122448979592,0.08648648648648649,0.26666666666666666,0.784689967649609,9,51
1400,0.9332036316472114,0.11965811965811966,0.07567567567567568,0.2857142857142857,0.7830286305622629,9,51
1450,0.9341763942931258,0.1646090534979424,0.10810810810810811,0.3448275862068966,0.7782403997650634,9,51
400,0.9147211413748378,0.08362369337979095,0.06486486486486487,0.11764705882352941,0.700317910183381,10,52
450,0.9156939040207522,0.08450704225352113,0.06486486486486487,0.12121212121212122,0.6968637834108685,10,52
500,0.917639429312581,0.11805555555555555,0.0918918918918919,0.1650485436893204,0.7067208636715363,10,52
550,0.9199092088197146,0.10181818181818182,0.07567567567567568,0.15555555555555556,0.7022589336490682,10,52
600,0.9231517509727627,0.11895910780669144,0.08648648648648649,0.19047619047619047,0.7296085322991153,10,52
650,0.9215304798962386,0.1037037037037037,0.07567567567567568,0.16470588235294117,0.7253852679861649,10,52
700,0.9140726329442282,0.1016949152542373,0.08108108108108109,0.13636363636363635,0.72288300718794,10,52
750,0.9163424124513618,0.12244897959183673,0.0972972972972973,0.1651376146788991,0.7392483894726046,10,52
800,0.9121271076523995,0.10561056105610561,0.08648648648648649,0.13559322033898305,0.7267389500573358,10,52
850,0.9186121919584954,0.1314878892733564,0.10270270270270271,0.18269230769230768,0.7326347389127659,10,52
900,0.9228274967574579,0.11851851851851852,0.08648648648648649,0.18823529411764706,0.7368990238945397,10,52
950,0.9241245136186771,0.10687022900763359,0.07567567567567568,0.18181818181818182,0.7360208086665485,10,52
1000,0.9260700389105059,0.07317073170731707,0.04864864864864865,0.14754098360655737,0.7239122530602351,10,52
1050,0.9254215304798963,0.09448818897637795,0.06486486486486487,0.17391304347826086,0.7359275798737681,10,52
1100,0.930609597924773,0.12295081967213115,0.08108108108108109,0.2542372881355932,0.7324482813272052,10,52
1150,0.9276913099870299,0.11155378486055777,0.07567567567567568,0.21212121212121213,0.7304811537995395,10,52
1200,0.9263942931258107,0.10276679841897234,0.07027027027027027,0.19117647058823528,0.7462125802932977,10,52
1250,0.9289883268482491,0.08368200836820083,0.05405405405405406,0.18518518518518517,0.7530518445316652,10,52
1300,0.9283398184176395,0.11952191235059761,0.08108108108108109,0.22727272727272727,0.7513662679581963,10,52
1350,0.9263942931258107,0.10980392156862745,0.07567567567567568,0.2,0.7648340993632474,10,52
1400,0.9328793774319066,0.11914893617021277,0.07567567567567568,0.28,0.770191025796407,10,52
1450,0.9319066147859922,0.11764705882352941,0.07567567567567568,0.2641509433962264,0.7705564826641059,10,52
400,0.9257457846952011,0.0728744939271255,0.04864864864864865,0.14516129032258066,0.6060085956946945,11,53
450,0.9247730220492867,0.04918032786885246,0.032432432432432434,0.1016949152542373,0.6664022076578132,11,53
500,0.9257457846952011,0.08032128514056225,0.05405405405405406,0.15625,0.6742530042978474,11,53
550,0.9260700389105059,0.04201680672268908,0.02702702702702703,0.09433962264150944,0.6592207937499418,11,53
600,0.9286640726329443,0.06779661016949153,0.043243243243243246,0.1568627450980392,0.6706879352619263,11,53
650,0.9286640726329443,0.05172413793103448,0.032432432432432434,0.1276595744680851,0.6944500899657851,11,53
700,0.9257457846952011,0.0728744939271255,0.04864864864864865,0.14516129032258066,0.7115146881963025,11,53
750,0.9293125810635539,0.043859649122807015,0.02702702702702703,0.11627906976744186,0.6965663835618991,11,53
800,0.9286640726329443,0.05982905982905983,0.03783783783783784,0.14285714285714285,0.7361979433728314,11,53
850,0.9234760051880675,0.04838709677419355,0.032432432432432434,0.09523809523809523,0.725014217390899,11,53
900,0.9231517509727627,0.07782101167315175,0.05405405405405406,0.1388888888888889,0.7406691962745774,11,53
950,0.9195849546044098,0.05343511450381679,0.03783783783783784,0.09090909090909091,0.7356404351920047,11,53
1000,0.920881971465629,0.08955223880597014,0.06486486486486487,0.14457831325301204,0.7504302508786813,11,53
1050,0.914396887159533,0.0958904109589041,0.07567567567567568,0.1308411214953271,0.7518659742874989,11,53
1100,0.9153696498054474,0.08421052631578947,0.06486486486486487,0.12,0.7410887258420891,11,53
1150,0.9166666666666666,0.07220216606498195,0.05405405405405406,0.10869565217391304,0.7450192517457092,11,53
1200,0.9163424124513618,0.09154929577464789,0.07027027027027027,0.13131313131313133,0.7467682238982688,11,53
1250,0.9218547341115434,0.11721611721611722,0.08648648648648649,0.18181818181818182,0.7451758761175803,11,53
1300,0.9225032425421531,0.09125475285171103,0.06486486486486487,0.15384615384615385,0.7456923636295834,11,53
1350,0.9195849546044098,0.0948905109489051,0.07027027027027027,0.14606741573033707,0.7569077874010609,11,53
1400,0.9215304798962386,0.06923076923076923,0.04864864864864865,0.12,0.7460503621938599,11,53
1450,0.9179636835278858,0.06642066420664207,0.04864864864864865,0.10465116279069768,0.7456103222919366,11,53
400,0.9250972762645915,0.0796812749003984,0.05405405405405406,0.15151515151515152,0.6209858012548596,12,54
450,0.9225032425421531,0.09125475285171103,0.06486486486486487,0.15384615384615385,0.6210398739546723,12,54
500,0.9260700389105059,0.05785123966942149,0.03783783783783784,0.12280701754385964,0.6567632827722514,12,54
550,0.9231517509727627,0.07782101167315175,0.05405405405405406,0.1388888888888889,0.6421580600952799,12,54
600,0.9234760051880675,0.08527131782945736,0.05945945945945946,0.1506849315068493,0.6385911264835031,12,54
650,0.9212062256809338,0.0830188679245283,0.05945945945945946,0.1375,0.6580144131713638,12,54
700,0.9212062256809338,0.0830188679245283,0.05945945945945946,0.1375,0.6738278810027688,12,54
750,0.9250972762645915,0.0796812749003984,0.05405405405405406,0.15151515151515152,0.6744133578214296,12,54
800,0.9257457846952011,0.08032128514056225,0.05405405405405406,0.15625,0.6783550711801833,12,54
850,0.9254215304798963,0.0873015873015873,0.05945945945945946,0.16417910447761194,0.6871446817635158,12,54
900,0.9241245136186771,0.0859375,0.05945945945945946,0.15492957746478872,0.7100099754808276,12,54
950,0.9238002594033723,0.09961685823754789,0.07027027027027027,0.17105263157894737,0.7251820292179036,12,54
1000,0.9260700389105059,0.10236220472440945,0.07027027027027027,0.18840579710144928,0.7219078340154572,12,54
1050,0.9247730220492867,0.11450381679389313,0.08108108108108109,0.19480519480519481,0.719094189049346,12,54
1100,0.9267185473411155,0.08870967741935484,0.05945945945945946,0.1746031746031746,0.7106980039715466,12,54
1150,0.9289883268482491,0.10612244897959183,0.07027027027027027,0.21666666666666667,0.7208655361121727,12,54
1200,0.9270428015564203,0.1245136186770428,0.08648648648648649,0.2222222222222222,0.7349225734875959,12,54
1250,0.9250972762645915,0.07228915662650602,0.04864864864864865,0.140625,0.7376597708436273,12,54
1300,0.9299610894941635,0.12195121951219512,0.08108108108108109,0.2459016393442623,0.7504768652750716,12,54
1350,0.9302853437094682,0.0851063829787234,0.05405405405405406,0.2,0.7521027754211611,12,54
1400,0.930609597924773,0.09322033898305085,0.05945945945945946,0.21568627450980393,0.7542619542619544,12,54
1450,0.9302853437094682,0.0851063829787234,0.05405405405405406,0.2,0.760288263427277,12,54
400,0.9335278858625162,0.0639269406392694,0.03783783783783784,0.20588235294117646,0.6673149175391329,13,55
450,0.930609597924773,0.06956521739130435,0.043243243243243246,0.17777777777777778,0.6439405946132404,13,55
500,0.9328793774319066,0.0547945205479452,0.032432432432432434,0.17647058823529413,0.6823061074182151,13,55
550,0.9325551232166018,0.10344827586206896,0.06486486486486487,0.2553191489361702,0.6822706804769585,13,55
600,0.9328793774319066,0.09606986899563319,0.05945945945945946,0.25,0.6887761856371721,13,55
650,0.9325551232166018,0.07142857142857142,0.043243243243243246,0.20512820512820512,0.6909987600570561,13,55
700,0.9315823605706874,0.0944206008583691,0.05945945945945946,0.22916666666666666,0.7126129233752552,13,55
750,0.9299610894941635,0.09243697478991597,0.05945945945945946,0.20754716981132076,0.7149268620120639,13,55
800,0.9283398184176395,0.059574468085106386,0.03783783783783784,0.14,0.7032191902147059,13,55
850,0.9332036316472114,0.08035714285714286,0.04864864864864865,0.23076923076923078,0.7176733822473733,13,55
900,0.9273670557717251,0.0743801652892562,0.04864864864864865,0.15789473684210525,0.7334971052459841,13,55
950,0.930609597924773,0.144,0.0972972972972973,0.27692307692307694,0.7530555736833764,13,55
1000,0.9299610894941635,0.16279069767441862,0.11351351351351352,0.2876712328767123,0.7456326972022038,13,55
1050,0.9238002594033723,0.13284132841328414,0.0972972972972973,0.20930232558139536,0.7436021740954477,13,55
1100,0.9299610894941635,0.12903225806451613,0.08648648648648649,0.25396825396825395,0.745285886093061,13,55
1150,0.930609597924773,0.144,0.0972972972972973,0.27692307692307694,0.7469006087840169,13,55
1200,0.9286640726329443,0.13385826771653545,0.0918918918918919,0.2463768115942029,0.7556547924260929,13,55
1250,0.9312581063553826,0.152,0.10270270270270271,0.2923076923076923,0.7702189944342412,13,55
1300,0.9283398184176395,0.1660377358490566,0.11891891891891893,0.275,0.7587052385258664,13,55
1350,0.9309338521400778,0.13765182186234817,0.0918918918918919,0.27419354838709675,0.778484659202148,13,55
1400,0.9296368352788587,0.13545816733067728,0.0918918918918919,0.25757575757575757,0.7691729673792453,13,55
1450,0.9283398184176395,0.11244979919678715,0.07567567567567568,0.21875,0.7673083915236382,13,55
400,0.9263942931258107,0.10276679841897234,0.07027027027027027,0.19117647058823528,0.6491390320986734,14,56
450,0.9153696498054474,0.09059233449477352,0.07027027027027027,0.12745098039215685,0.6671265953777166,14,56
500,0.9234760051880675,0.09230769230769231,0.06486486486486487,0.16,0.6687338597652499,14,56
550,0.9263942931258107,0.08097165991902834,0.05405405405405406,0.16129032258064516,0.671829055685558,14,56
600,0.9247730220492867,0.08661417322834646,0.05945945945945946,0.15942028985507245,0.6671023558915935,14,56
650,0.9221789883268483,0.05511811023622047,0.03783783783783784,0.10144927536231885,0.6790636100053141,14,56
700,0.9244487678339819,0.08627450980392157,0.05945945945945946,0.15714285714285714,0.6795633163346169,14,56
750,0.9302853437094682,0.100418410041841,0.06486486486486487,0.2222222222222222,0.6901000344946533,14,56
800,0.932230869001297,0.07929515418502203,0.04864864864864865,0.21428571428571427,0.6851719605082833,14,56
850,0.9302853437094682,0.06926406926406926,0.043243243243243246,0.17391304347826086,0.6742231710841575,14,56
900,0.9335278858625162,0.09691629955947137,0.05945945945945946,0.2619047619047619,0.679809440347557,14,56
950,0.932230869001297,0.08733624454148471,0.05405405405405406,0.22727272727272727,0.6683012781667491,14,56
1000,0.9302853437094682,0.07725321888412018,0.04864864864864865,0.1875,0.6745699821933007,14,56
1050,0.9299610894941635,0.04424778761061947,0.02702702702702703,0.12195121951219512,0.6973812032107997,14,56
1100,0.9335278858625162,0.055299539170506916,0.032432432432432434,0.1875,0.7149772055601651,14,56
1150,0.9328793774319066,0.0547945205479452,0.032432432432432434,0.17647058823529413,0.6866953189823144,14,56
1200,0.9315823605706874,0.06222222222222222,0.03783783783783784,0.175,0.70212654876332,14,56
1250,0.933852140077821,0.07272727272727272,0.043243243243243246,0.22857142857142856,0.7118465826986008,14,56
1300,0.9332036316472114,0.08035714285714286,0.04864864864864865,0.23076923076923078,0.7044926955240857,14,56
1350,0.932230869001297,0.06278026905829596,0.03783783783783784,0.18421052631578946,0.7149268620120637,14,56
1400,0.9341763942931258,0.09777777777777778,0.05945945945945946,0.275,0.7278632892982668,14,56
1450,0.9332036316472114,0.07207207207207207,0.043243243243243246,0.21621621621621623,0.7251149044871018,14,56
400,0.9205577172503242,0.10256410256410256,0.07567567567567568,0.1590909090909091,0.6702758639978371,15,57
450,0.9156939040207522,0.07801418439716312,0.05945945945945946,0.1134020618556701,0.6834434986901355,15,57
500,0.9202334630350194,0.09558823529411764,0.07027027027027027,0.14942528735632185,0.6882242711839125,15,57
550,0.9225032425421531,0.11152416356877323,0.08108108108108109,0.17857142857142858,0.7083076177246581,15,57
600,0.9195849546044098,0.0948905109489051,0.07027027027027027,0.14606741573033707,0.7049401937294314,15,57
650,0.9234760051880675,0.09923664122137404,0.07027027027027027,0.16883116883116883,0.7110075235635773,15,57
700,0.9250972762645915,0.10810810810810811,0.07567567567567568,0.1891891891891892,0.7239141176360908,15,57
750,0.9234760051880675,0.11940298507462686,0.08648648648648649,0.1927710843373494,0.715286725152196,15,57
800,0.9254215304798963,0.10852713178294573,0.07567567567567568,0.1917808219178082,0.7268545537603833,15,57
850,0.9225032425421531,0.09811320754716982,0.07027027027027027,0.1625,0.7181656302732536,15,57
900,0.9234760051880675,0.10606060606060606,0.07567567567567568,0.17721518987341772,0.7171345198251027,15,57
950,0.9244487678339819,0.07171314741035857,0.04864864864864865,0.13636363636363635,0.7370090338700205,15,57
1000,0.9276913099870299,0.06694560669456066,0.043243243243243246,0.14814814814814814,0.7317621174123417,15,57
1050,0.9270428015564203,0.06639004149377593,0.043243243243243246,0.14285714285714285,0.7337422969709965,15,57
1100,0.9286640726329443,0.06779661016949153,0.043243243243243246,0.1568627450980392,0.714973476408454,15,57
1150,0.9293125810635539,0.07627118644067797,0.04864864864864865,0.17647058823529413,0.7062435322525009,15,57
1200,0.9234760051880675,0.06349206349206349,0.043243243243243246,0.11940298507462686,0.7026281196684785,15,57
1250,0.9302853437094682,0.06926406926406926,0.043243243243243246,0.17391304347826086,0.731100192983601,15,57
1300,0.9276913099870299,0.07468879668049792,0.04864864864864865,0.16071428571428573,0.7283443498690135,15,57
1350,0.9280155642023347,0.08264462809917356,0.05405405405405406,0.17543859649122806,0.7200880079803846,15,57
1400,0.9270428015564203,0.08163265306122448,0.05405405405405406,0.16666666666666666,0.7214994919030795,15,57
1450,0.9257457846952011,0.08032128514056225,0.05405405405405406,0.15625,0.7368188471327486,15,57
400,0.9169909208819714,0.09859154929577464,0.07567567567567568,0.1414141414141414,0.7112256789386834,16,58
450,0.9228274967574579,0.04032258064516129,0.02702702702702703,0.07936507936507936,0.7180351099633612,16,58
500,0.9199092088197146,0.05363984674329502,0.03783783783783784,0.09210526315789473,0.7040321452877506,16,58
550,0.9179636835278858,0.03065134099616858,0.021621621621621623,0.05263157894736842,0.7106625770302901,16,58
600,0.9218547341115434,0.04743083003952569,0.032432432432432434,0.08823529411764706,0.7144625826240175,16,58
650,0.9212062256809338,0.06896551724137931,0.04864864864864865,0.11842105263157894,0.7056188993408724,16,58
700,0.9250972762645915,0.04149377593360996,0.02702702702702703,0.08928571428571429,0.7079160567949806,16,58
750,0.9241245136186771,0.064,0.043243243243243246,0.12307692307692308,0.7353719362687972,16,58
800,0.9267185473411155,0.07377049180327869,0.04864864864864865,0.15254237288135594,0.7405256239336958,16,58
850,0.9257457846952011,0.04979253112033195,0.032432432432432434,0.10714285714285714,0.7322897923794784,16,58
900,0.9254215304798963,0.06504065040650407,0.043243243243243246,0.13114754098360656,0.7234349216411997,16,58
950,0.9257457846952011,0.0653061224489796,0.043243243243243246,0.13333333333333333,0.7303152065483904,16,58
1000,0.9276913099870299,0.06694560669456066,0.043243243243243246,0.14814814814814814,0.7411968712417144,16,58
1050,0.9257457846952011,0.04979253112033195,0.032432432432432434,0.10714285714285714,0.7182607236418896,16,58
1100,0.9260700389105059,0.07317073170731707,0.04864864864864865,0.14754098360655737,0.7318553462051219,16,58
1150,0.9250972762645915,0.07228915662650602,0.04864864864864865,0.140625,0.7311300261972908,16,58
1200,0.9244487678339819,0.11406844106463879,0.08108108108108109,0.19230769230769232,0.7431155197971342,16,58
1250,0.9280155642023347,0.08264462809917356,0.05405405405405406,0.17543859649122806,0.7342960760001118,16,58
1300,0.9299610894941635,0.09243697478991597,0.05945945945945946,0.20754716981132076,0.7350605521009108,16,58
1350,0.9280155642023347,0.09016393442622951,0.05945945945945946,0.1864406779661017,0.7445997221781975,16,58
1400,0.9299610894941635,0.09243697478991597,0.05945945945945946,0.20754716981132076,0.7390041300355201,16,58
1450,0.9280155642023347,0.09016393442622951,0.05945945945945946,0.1864406779661017,0.752335847403112,16,58
400,0.9221789883268483,0.12408759124087591,0.0918918918918919,0.19101123595505617,0.6910789368188471,17,59
450,0.9241245136186771,0.12030075187969924,0.08648648648648649,0.19753086419753085,0.7050800369186021,17,59
500,0.9231517509727627,0.12546125461254612,0.0918918918918919,0.19767441860465115,0.7071012371460802,17,59
550,0.9221789883268483,0.1111111111111111,0.08108108108108109,0.17647058823529413,0.7168473751433393,17,59
600,0.9234760051880675,0.09923664122137404,0.07027027027027027,0.16883116883116883,0.726604700595732,17,59
650,0.9221789883268483,0.11764705882352941,0.08648648648648649,0.1839080459770115,0.7376746874504723,17,59
700,0.9218547341115434,0.1299638989169675,0.0972972972972973,0.1956521739130435,0.7053765044796435,17,59
750,0.9195849546044098,0.1079136690647482,0.08108108108108109,0.16129032258064516,0.7361420060971631,17,59
800,0.9212062256809338,0.0898876404494382,0.06486486486486487,0.14634146341463414,0.7290137326011766,17,59
850,0.9247730220492867,0.11450381679389313,0.08108108108108109,0.19480519480519481,0.7377921557293755,17,59
900,0.9221789883268483,0.1111111111111111,0.08108108108108109,0.17647058823529413,0.7399233659323347,17,59
950,0.9234760051880675,0.09923664122137404,0.07027027027027027,0.16883116883116883,0.7377007915124507,17,59
1000,0.9263942931258107,0.13688212927756654,0.0972972972972973,0.23076923076923078,0.7278446435397108,17,59
1050,0.9215304798962386,0.09022556390977443,0.06486486486486487,0.14814814814814814,0.7388288599050932,17,59
1100,0.9205577172503242,0.08921933085501858,0.06486486486486487,0.14285714285714285,0.73835898678948,17,59
1150,0.9244487678339819,0.12734082397003746,0.0918918918918919,0.2073170731707317,0.761446165033609,17,59
1200,0.9244487678339819,0.12734082397003746,0.0918918918918919,0.2073170731707317,0.7551644089760681,17,59
1250,0.9234760051880675,0.10606060606060606,0.07567567567567568,0.17721518987341772,0.7473816693547636,17,59
1300,0.9225032425421531,0.10486891385767791,0.07567567567567568,0.17073170731707318,0.7479074797460449,17,59
1350,0.9267185473411155,0.12403100775193798,0.08648648648648649,0.2191780821917808,0.751258122558571,17,59
1400,0.9247730220492867,0.072,0.04864864864864865,0.13846153846153847,0.7406691962745775,17,59
1450,0.9280155642023347,0.0975609756097561,0.06486486486486487,0.19672131147540983,0.7444319103511928,17,59
400,0.9134241245136187,0.11295681063122924,0.0918918918918919,0.14655172413793102,0.70713107035977,18,60
450,0.9134241245136187,0.1414790996784566,0.11891891891891893,0.1746031746031746,0.7346344965179046,18,60
500,0.919260700389105,0.1384083044982699,0.10810810810810811,0.19230769230769232,0.7286240362473546,18,60
550,0.9166666666666666,0.1461794019933555,0.11891891891891893,0.1896551724137931,0.73940314926862,18,60
600,0.9241245136186771,0.15827338129496402,0.11891891891891893,0.23655913978494625,0.7261422857835415,18,60
650,0.9212062256809338,0.15916955017301038,0.12432432432432433,0.22115384615384615,0.727231198083216,18,60
700,0.9195849546044098,0.1506849315068493,0.11891891891891893,0.205607476635514,0.723699691412696,18,60
750,0.9205577172503242,0.1522491349480969,0.11891891891891893,0.21153846153846154,0.7196740721404399,18,60
800,0.9205577172503242,0.16382252559726962,0.12972972972972974,0.2222222222222222,0.7141437401527089,18,60
850,0.9179636835278858,0.1423728813559322,0.11351351351351352,0.19090909090909092,0.7329629042633526,18,60
900,0.9241245136186771,0.12686567164179105,0.0918918918918919,0.20481927710843373,0.7333526006171747,18,60
950,0.9228274967574579,0.13138686131386862,0.0972972972972973,0.20224719101123595,0.7453008026999058,18,60
1000,0.9182879377431906,0.125,0.0972972972972973,0.17475728155339806,0.7510175922731976,18,60
1050,0.9153696498054474,0.10921501706484642,0.08648648648648649,0.14814814814814814,0.737409917678976,18,60
1100,0.9156939040207522,0.10344827586206896,0.08108108108108109,0.14285714285714285,0.7293418979517635,18,60
1150,0.9169909208819714,0.11724137931034483,0.0918918918918919,0.1619047619047619,0.7483120927067115,18,60
1200,0.9130998702983139,0.14102564102564102,0.11891891891891893,0.1732283464566929,0.7511835395243467,18,60
1250,0.916018158236057,0.15081967213114755,0.12432432432432433,0.19166666666666668,0.7474003151133196,18,60
1300,0.9189364461738002,0.13793103448275862,0.10810810810810811,0.19047619047619047,0.7518547868323654,18,60
1350,0.919260700389105,0.16161616161616163,0.12972972972972974,0.21428571428571427,0.7431472175866796,18,60
1400,0.914396887159533,0.14285714285714285,0.11891891891891893,0.17886178861788618,0.745233677969104,18,60
1450,0.9195849546044098,0.1267605633802817,0.0972972972972973,0.18181818181818182,0.744536326599107,18,60
400,0.9137483787289234,0.11920529801324503,0.0972972972972973,0.15384615384615385,0.6397098719968676,19,61
450,0.9179636835278858,0.11228070175438597,0.08648648648648649,0.16,0.6335194801562515,19,61
500,0.9221789883268483,0.0625,0.043243243243243246,0.11267605633802817,0.6577664245825681,19,61
550,0.9270428015564203,0.11764705882352941,0.08108108108108109,0.21428571428571427,0.6646746781275928,19,61
600,0.9250972762645915,0.09411764705882353,0.06486486486486487,0.17142857142857143,0.6723045225287378,19,61
650,0.9267185473411155,0.10317460317460317,0.07027027027027027,0.19402985074626866,0.6745382844037554,19,61
700,0.9247730220492867,0.08661417322834646,0.05945945945945946,0.15942028985507245,0.7008511788780848,19,61
750,0.9238002594033723,0.10646387832699619,0.07567567567567568,0.1794871794871795,0.697161183259838,19,61
800,0.920881971465629,0.1223021582733813,0.0918918918918919,0.1827956989247312,0.6985689380308214,19,61
850,0.9218547341115434,0.12363636363636364,0.0918918918918919,0.18888888888888888,0.6971574541081267,19,61
900,0.9250972762645915,0.1412639405204461,0.10270270270270271,0.2261904761904762,0.6949759003570664,19,61
950,0.9212062256809338,0.12274368231046931,0.0918918918918919,0.18478260869565216,0.7150909446873572,19,61
1000,0.9228274967574579,0.11851851851851852,0.08648648648648649,0.18823529411764706,0.7109646383188986,19,61
1050,0.9195849546044098,0.1267605633802817,0.0972972972972973,0.18181818181818182,0.7207368803781361,19,61
1100,0.920881971465629,0.1347517730496454,0.10270270270270271,0.1958762886597938,0.7204236316343939,19,61
1150,0.9156939040207522,0.13333333333333333,0.10810810810810811,0.17391304347826086,0.725004894511621,19,61
1200,0.9205577172503242,0.15807560137457044,0.12432432432432433,0.2169811320754717,0.7246226564612215,19,61
1250,0.9215304798962386,0.1357142857142857,0.10270270270270271,0.2,0.734557116619897,19,61
1300,0.9221789883268483,0.11764705882352941,0.08648648648648649,0.1839080459770115,0.7374173759823984,19,61
1350,0.9182879377431906,0.1310344827586207,0.10270270270270271,0.18095238095238095,0.7332631009761055,19,61
1400,0.9202334630350194,0.10218978102189781,0.07567567567567568,0.15730337078651685,0.7216020435751377,19,61
1450,0.9195849546044098,0.1267605633802817,0.0972972972972973,0.18181818181818182,0.7283107875036128,19,61
400,0.9257457846952011,0.14869888475836432,0.10810810810810811,0.23809523809523808,0.7016249778581618,20,62
450,0.9276913099870299,0.14559386973180077,0.10270270270270271,0.25,0.7101684644285541,20,62
500,0.9257457846952011,0.13584905660377358,0.0972972972972973,0.225,0.7196889887472848,20,62
550,0.9283398184176395,0.10526315789473684,0.07027027027027027,0.20967741935483872,0.7170524784874561,20,62
600,0.9280155642023347,0.06722689075630252,0.043243243243243246,0.1509433962264151,0.7324016669308151,20,62
650,0.9299610894941635,0.1,0.06486486486486487,0.21818181818181817,0.7543514539030235,20,62
700,0.9289883268482491,0.08368200836820083,0.05405405405405406,0.18518518518518517,0.720684672254179,20,62
750,0.9293125810635539,0.08403361344537816,0.05405405405405406,0.18867924528301888,0.7198996858189685,20,62
800,0.9267185473411155,0.07377049180327869,0.04864864864864865,0.15254237288135594,0.7310050996149652,20,62
850,0.9238002594033723,0.06374501992031872,0.043243243243243246,0.12121212121212122,0.7245611254579865,20,62
900,0.9280155642023347,0.09016393442622951,0.05945945945945946,0.1864406779661017,0.7120666026495622,20,62
950,0.9250972762645915,0.08695652173913043,0.05945945945945946,0.16176470588235295,0.7029115351985308,20,62
1000,0.9228274967574579,0.0703125,0.04864864864864865,0.1267605633802817,0.707468558589635,20,62
1050,0.9238002594033723,0.07114624505928854,0.04864864864864865,0.1323529411764706,0.6969784548259885,20,62
1100,0.9267185473411155,0.06611570247933884,0.043243243243243246,0.14035087719298245,0.690077659584386,20,62
1150,0.9238002594033723,0.0784313725490196,0.05405405405405406,0.14285714285714285,0.6872658791941303,20,62
1200,0.9234760051880675,0.06349206349206349,0.043243243243243246,0.11940298507462686,0.6998499016436236,20,62
1250,0.9225032425421531,0.04780876494023904,0.032432432432432434,0.09090909090909091,0.6904431164520851,20,62
1300,0.9241245136186771,0.0859375,0.05945945945945946,0.15492957746478872,0.7136328463682724,20,62
1350,0.9257457846952011,0.08032128514056225,0.05405405405405406,0.15625,0.7101143917287416,20,62
1400,0.9257457846952011,0.0653061224489796,0.043243243243243246,0.13333333333333333,0.7127192041990247,20,62
1450,0.9273670557717251,0.06666666666666667,0.043243243243243246,0.14545454545454545,0.7234740777341675,20,62
400,0.9205577172503242,0.1750841750841751,0.14054054054054055,0.23214285714285715,0.7377996140327979,21,63
450,0.9215304798962386,0.15384615384615385,0.11891891891891893,0.21782178217821782,0.7436562467952603,21,63
500,0.9205577172503242,0.14035087719298245,0.10810810810810811,0.2,0.7477657719810187,21,63
550,0.9247730220492867,0.14074074074074075,0.10270270270270271,0.2235294117647059,0.7519405573217233,21,63
600,0.9273670557717251,0.13846153846153847,0.0972972972972973,0.24,0.739588674566253,21,63
650,0.9202334630350194,0.09558823529411764,0.07027027027027027,0.14942528735632185,0.7295917511164148,21,63
700,0.9124513618677043,0.1,0.08108108108108109,0.13043478260869565,0.7135433467272033,21,63
750,0.9156939040207522,0.10344827586206896,0.08108108108108109,0.14285714285714285,0.7267986164847151,21,63
800,0.916018158236057,0.12794612794612795,0.10270270270270271,0.16964285714285715,0.7281187361904852,21,63
850,0.916018158236057,0.15081967213114755,0.12432432432432433,0.19166666666666668,0.7440739117869162,21,63
900,0.9189364461738002,0.13793103448275862,0.10810810810810811,0.19047619047619047,0.7470236707904869,21,63
950,0.9212062256809338,0.17627118644067796,0.14054054054054055,0.23636363636363636,0.7532252500862366,21,63
1000,0.9182879377431906,0.17647058823529413,0.14594594594594595,0.2231404958677686,0.7714458853472308,21,63
1050,0.917639429312581,0.15894039735099338,0.12972972972972974,0.20512820512820512,0.7738381361699749,21,63
1100,0.9173151750972762,0.1296928327645051,0.10270270270270271,0.17592592592592593,0.763070210603843,21,63
1150,0.9195849546044098,0.17880794701986755,0.14594594594594595,0.23076923076923078,0.7623933695682574,21,63
1200,0.9218547341115434,0.14840989399293286,0.11351351351351352,0.21428571428571427,0.770713107035977,21,63
1250,0.9199092088197146,0.15699658703071673,0.12432432432432433,0.21296296296296297,0.7616848307431268,21,63
1300,0.9215304798962386,0.1597222222222222,0.12432432432432433,0.22330097087378642,0.773157565982678,21,63
1350,0.9238002594033723,0.19243986254295534,0.15135135135135136,0.2641509433962264,0.7695011327298322,21,63
1400,0.9225032425421531,0.16140350877192983,0.12432432432432433,0.23,0.7726466721982417,21,63
1450,0.9195849546044098,0.1388888888888889,0.10810810810810811,0.1941747572815534,0.7678528476734754,21,63
400,0.9280155642023347,0.13953488372093023,0.0972972972972973,0.2465753424657534,0.7156223488062053,22,64
450,0.9231517509727627,0.07058823529411765,0.04864864864864865,0.12857142857142856,0.7238264825708773,22,64
500,0.9257457846952011,0.0728744939271255,0.04864864864864865,0.14516129032258066,0.7425337721301848,22,64
550,0.9250972762645915,0.08695652173913043,0.05945945945945946,0.16176470588235295,0.7293418979517634,22,64
600,0.9254215304798963,0.08,0.05405405405405406,0.15384615384615385,0.7182625882177452,22,64
650,0.9296368352788587,0.09205020920502092,0.05945945945945946,0.2037037037037037,0.7240017527013043,22,64
700,0.930609597924773,0.06140350877192982,0.03783783783783784,0.16279069767441862,0.7182234321247774,22,64
750,0.9286640726329443,0.05982905982905983,0.03783783783783784,0.14285714285714285,0.7170338327289,22,64
800,0.9296368352788587,0.06866952789699571,0.043243243243243246,0.16666666666666666,0.7102355891593559,22,64
850,0.9267185473411155,0.06611570247933884,0.043243243243243246,0.14035087719298245,0.7233957655482319,22,64
900,0.9289883268482491,0.0759493670886076,0.04864864864864865,0.17307692307692307,0.7133923160828991,22,64
950,0.9289883268482491,0.0759493670886076,0.04864864864864865,0.17307692307692307,0.7069483419259204,22,64
1000,0.9296368352788587,0.08438818565400844,0.05405405405405406,0.19230769230769232,0.7185609203546424,22,64
1050,0.9289883268482491,0.10612244897959183,0.07027027027027027,0.21666666666666667,0.7221819266662316,22,64
1100,0.9267185473411155,0.11023622047244094,0.07567567567567568,0.2028985507246377,0.7282287461659659,22,64
1150,0.9283398184176395,0.10526315789473684,0.07027027027027027,0.20967741935483872,0.7408388726774378,22,64
1200,0.9302853437094682,0.09282700421940929,0.05945945945945946,0.21153846153846154,0.7456699887193161,22,64
1250,0.9283398184176395,0.10526315789473684,0.07027027027027027,0.20967741935483872,0.7463002153585112,22,64
1300,0.9283398184176395,0.09053497942386832,0.05945945945945946,0.1896551724137931,0.7663332183511555,22,64
1350,0.9299610894941635,0.06896551724137931,0.043243243243243246,0.1702127659574468,0.7421272945936623,22,64
1400,0.9254215304798963,0.0873015873015873,0.05945945945945946,0.16417910447761194,0.7417692960293857,22,64
1450,0.9276913099870299,0.06694560669456066,0.043243243243243246,0.14814814814814814,0.7382899974828226,22,64
400,0.9319066147859922,0.05405405405405406,0.032432432432432434,0.16216216216216217,0.6835162171485042,23,65
450,0.9260700389105059,0.04201680672268908,0.02702702702702703,0.09433962264150944,0.6570970418504051,23,65
500,0.9273670557717251,0.034482758620689655,0.021621621621621623,0.0851063829787234,0.6693435760700335,23,65
550,0.9309338521400778,0.05333333333333334,0.032432432432432434,0.15,0.6669252211853108,23,65
600,0.9296368352788587,0.04405286343612335,0.02702702702702703,0.11904761904761904,0.6854311365522129,23,65
650,0.932230869001297,0.03686635944700461,0.021621621621621623,0.125,0.7175372682099139,23,65
700,0.930609597924773,0.06956521739130435,0.043243243243243246,0.17777777777777778,0.7101535478217094,23,65
750,0.9302853437094682,0.0611353711790393,0.03783783783783784,0.1590909090909091,0.7231925267799708,23,65
800,0.9293125810635539,0.05217391304347826,0.032432432432432434,0.13333333333333333,0.6975471504619487,23,65
850,0.9280155642023347,0.08264462809917356,0.05405405405405406,0.17543859649122806,0.6994639344415129,23,65
900,0.9293125810635539,0.09166666666666666,0.05945945945945946,0.2,0.70725413236624,23,65
950,0.9276913099870299,0.0823045267489712,0.05405405405405406,0.1724137931034483,0.7291050968181012,23,65
1000,0.9263942931258107,0.10276679841897234,0.07027027027027027,0.19117647058823528,0.7376336667816489,23,65
1050,0.9289883268482491,0.09876543209876543,0.06486486486486487,0.20689655172413793,0.7219861462013928,23,65
1100,0.9293125810635539,0.08403361344537816,0.05405405405405406,0.18867924528301888,0.7278558309948446,23,65
1150,0.9257457846952011,0.10894941634241245,0.07567567567567568,0.19444444444444445,0.7395504507612131,23,65
1200,0.9293125810635539,0.128,0.08648648648648649,0.24615384615384617,0.7340797852008615,23,65
1250,0.9276913099870299,0.08979591836734693,0.05945945945945946,0.18333333333333332,0.7520729422074713,23,65
1300,0.9263942931258107,0.07346938775510205,0.04864864864864865,0.15,0.746743984412146,23,65
1350,0.9263942931258107,0.0502092050209205,0.032432432432432434,0.1111111111111111,0.7269160847636182,23,65
1400,0.9250972762645915,0.07228915662650602,0.04864864864864865,0.140625,0.7349057923048955,23,65
1450,0.9289883268482491,0.09876543209876543,0.06486486486486487,0.20689655172413793,0.740244072979499,23,65
400,0.9234760051880675,0.11940298507462686,0.08648648648648649,0.1927710843373494,0.6796425608084802,24,66
450,0.9195849546044098,0.10144927536231885,0.07567567567567568,0.15384615384615385,0.6709918611263903,24,66
500,0.9238002594033723,0.10646387832699619,0.07567567567567568,0.1794871794871795,0.6662232083756747,24,66
550,0.9257457846952011,0.11583011583011583,0.08108108108108109,0.20270270270270271,0.7099633610844374,24,66
600,0.9254215304798963,0.1417910447761194,0.10270270270270271,0.2289156626506024,0.7093853425691992,24,66
650,0.9241245136186771,0.12686567164179105,0.0918918918918919,0.20481927710843373,0.7292934189795177,24,66
700,0.9254215304798963,0.11538461538461539,0.08108108108108109,0.2,0.737409917678976,24,66
750,0.9212062256809338,0.09665427509293681,0.07027027027027027,0.15476190476190477,0.7098906426260687,24,66
800,0.9250972762645915,0.06477732793522267,0.043243243243243246,0.12903225806451613,0.7350847915870337,24,66
850,0.9254215304798963,0.07258064516129033,0.04864864864864865,0.14285714285714285,0.7311971509280927,24,66
900,0.9228274967574579,0.10526315789473684,0.07567567567567568,0.1728395061728395,0.7441988383692418,24,66
950,0.9241245136186771,0.0859375,0.05945945945945946,0.15492957746478872,0.7473704818996298,24,66
1000,0.9238002594033723,0.06374501992031872,0.043243243243243246,0.12121212121212122,0.7521960042139415,24,66
1050,0.9247730220492867,0.072,0.04864864864864865,0.13846153846153847,0.742304429299945,24,66
1100,0.9276913099870299,0.05907172995780591,0.03783783783783784,0.1346153846153846,0.7400147301492593,24,66
1150,0.9302853437094682,0.0611353711790393,0.03783783783783784,0.1590909090909091,0.740680383729711,24,66
1200,0.9299610894941635,0.06896551724137931,0.043243243243243246,0.1702127659574468,0.7394684094235665,24,66
1250,0.9283398184176395,0.05150214592274678,0.032432432432432434,0.125,0.7355621230060693,24,66
1300,0.9302853437094682,0.044444444444444446,0.02702702702702703,0.125,0.7369158050772402,24,66
1350,0.9296368352788587,0.05240174672489083,0.032432432432432434,0.13636363636363635,0.744346139861835,24,66
1400,0.9315823605706874,0.0365296803652968,0.021621621621621623,0.11764705882352941,0.7426941256537669,24,66
1450,0.9325551232166018,0.06306306306306306,0.03783783783783784,0.1891891891891892,0.743320623141251,24,66
400,0.9335278858625162,0.09691629955947137,0.05945945945945946,0.2619047619047619,0.6811687161462946,25,67
450,0.9296368352788587,0.08438818565400844,0.05405405405405406,0.19230769230769232,0.679714346978921,25,67
500,0.9296368352788587,0.07659574468085106,0.04864864864864865,0.18,0.6824123882419846,25,67
550,0.9293125810635539,0.09917355371900827,0.06486486486486487,0.21052631578947367,0.7135041906342354,25,67
600,0.933852140077821,0.10526315789473684,0.06486486486486487,0.27906976744186046,0.7363265991068683,25,67
650,0.9312581063553826,0.08620689655172414,0.05405405405405406,0.2127659574468085,0.7037114382405862,25,67
700,0.9273670557717251,0.13178294573643412,0.0918918918918919,0.2328767123287671,0.7127434436851477,25,67
750,0.9270428015564203,0.11067193675889328,0.07567567567567568,0.20588235294117646,0.7097526640127537,25,67
800,0.9280155642023347,0.11904761904761904,0.08108108108108109,0.22388059701492538,0.7233528803035529,25,67
850,0.9254215304798963,0.09448818897637795,0.06486486486486487,0.17391304347826086,0.7200730913735398,25,67
900,0.9289883268482491,0.11336032388663968,0.07567567567567568,0.22580645161290322,0.718609399326888,25,67
950,0.9309338521400778,0.1306122448979592,0.08648648648648649,0.26666666666666666,0.7142556147040452,25,67
1000,0.9312581063553826,0.12396694214876033,0.08108108108108109,0.2631578947368421,0.7163159710244913,25,67
1050,0.9280155642023347,0.1328125,0.0918918918918919,0.23943661971830985,0.7148224457641498,25,67
1100,0.9273670557717251,0.11811023622047244,0.08108108108108109,0.21739130434782608,0.7097079141922192,25,67
1150,0.9244487678339819,0.0933852140077821,0.06486486486486487,0.16666666666666666,0.7213932110793098,25,67
1200,0.9286640726329443,0.09836065573770492,0.06486486486486487,0.2033898305084746,0.7217288347333191,25,67
1250,0.9286640726329443,0.12698412698412698,0.08648648648648649,0.23880597014925373,0.7273151039967184,25,67
1300,0.9270428015564203,0.11067193675889328,0.07567567567567568,0.20588235294117646,0.7391868584693697,25,67
1350,0.9296368352788587,0.1285140562248996,0.08648648648648649,0.25,0.7317378779262187,25,67
1400,0.9244487678339819,0.11406844106463879,0.08108108108108109,0.19230769230769232,0.7317639819881971,25,67
1450,0.9312581063553826,0.12396694214876033,0.08108108108108109,0.2631578947368421,0.746339371451479,25,67
400,0.9293125810635539,0.05217391304347826,0.032432432432432434,0.13333333333333333,0.6170683273822287,26,68
450,0.9309338521400778,0.0273972602739726,0.016216216216216217,0.08823529411764706,0.6490196992439146,26,68
500,0.9273670557717251,0.042735042735042736,0.02702702702702703,0.10204081632653061,0.6665373894073445,26,68
550,0.9296368352788587,0.035555555555555556,0.021621621621621623,0.1,0.6822166077771459,26,68
600,0.932230869001297,0.03686635944700461,0.021621621621621623,0.125,0.6865694601120611,26,68
650,0.9335278858625162,0.046511627906976744,0.02702702702702703,0.16666666666666666,0.686156456560044,26,68
700,0.9325551232166018,0.06306306306306306,0.03783783783783784,0.1891891891891892,0.6970847356497581,26,68
750,0.932230869001297,0.09523809523809523,0.05945945945945946,0.2391304347826087,0.7186522845715672,26,68
800,0.9312581063553826,0.08620689655172414,0.05405405405405406,0.2127659574468085,0.7209475774498196,26,68
850,0.9312581063553826,0.09401709401709402,0.05945945945945946,0.22448979591836735,0.7187660236987591,26,68
900,0.9286640726329443,0.07563025210084033,0.04864864864864865,0.16981132075471697,0.7245797712165426,26,68
950,0.9247730220492867,0.056910569105691054,0.03783783783783784,0.11475409836065574,0.7334626105926554,26,68
1000,0.9289883268482491,0.10612244897959183,0.07027027027027027,0.21666666666666667,0.7277849771123314,26,68
1050,0.9325551232166018,0.10344827586206896,0.06486486486486487,0.2553191489361702,0.7372663453380943,26,68
1100,0.9302853437094682,0.11522633744855967,0.07567567567567568,0.2413793103448276,0.7425188555233398,26,68
1150,0.9312581063553826,0.11666666666666667,0.07567567567567568,0.2545454545454545,0.7445493786300962,26,68
1200,0.9302853437094682,0.100418410041841,0.06486486486486487,0.2222222222222222,0.7338951921911564,26,68
1250,0.9302853437094682,0.0851063829787234,0.05405405405405406,0.2,0.7410253302629983,26,68
1300,0.9332036316472114,0.11206896551724138,0.07027027027027027,0.2765957446808511,0.7389948071562422,26,68
1350,0.932230869001297,0.11063829787234042,0.07027027027027027,0.26,0.7449577207424742,26,68
1400,0.9357976653696498,0.1,0.05945945945945946,0.3142857142857143,0.7257227562160297,26,68
1450,0.9348249027237354,0.0821917808219178,0.04864864864864865,0.2647058823529412,0.7370519191146994,26,68
400,0.9257457846952011,0.08764940239043825,0.05945945945945946,0.16666666666666666,0.6749503556678446,27,69
450,0.9273670557717251,0.08943089430894309,0.05945945945945946,0.18032786885245902,0.6647129019326329,27,69
500,0.9276913099870299,0.0823045267489712,0.05405405405405406,0.1724137931034483,0.7054175251484669,27,69
550,0.9280155642023347,0.09016393442622951,0.05945945945945946,0.1864406779661017,0.687937126502149,27,69
600,0.9312581063553826,0.061946902654867256,0.03783783783783784,0.17073170731707318,0.6929714813122885,27,69
650,0.9276913099870299,0.05907172995780591,0.03783783783783784,0.1346153846153846,0.7066556035165901,27,69
700,0.9286640726329443,0.09090909090909091,0.05945945945945946,0.19298245614035087,0.7222173536074882,27,69
750,0.9280155642023347,0.06722689075630252,0.043243243243243246,0.1509433962264151,0.7196768690042233,27,69
800,0.9296368352788587,0.08438818565400844,0.05405405405405406,0.19230769230769232,0.7368412220430158,27,69
850,0.9302853437094682,0.06926406926406926,0.043243243243243246,0.17391304347826086,0.725987525987526,27,69
900,0.9299610894941635,0.06086956521739131,0.03783783783783784,0.15555555555555556,0.6994154554692671,27,69
950,0.9280155642023347,0.059322033898305086,0.03783783783783784,0.13725490196078433,0.7230853136682733,27,69
1000,0.9293125810635539,0.0603448275862069,0.03783783783783784,0.14893617021276595,0.7279919450323038,27,69
1050,0.9312581063553826,0.0782608695652174,0.04864864864864865,0.2,0.7239402216980693,27,69
1100,0.932230869001297,0.07111111111111111,0.043243243243243246,0.2,0.7129821093946656,27,69
1150,0.933852140077821,0.06422018348623854,0.03783783783783784,0.21212121212121213,0.7125234237341861,27,69
1200,0.9319066147859922,0.07894736842105263,0.04864864864864865,0.20930232558139536,0.7355621230060693,27,69
1250,0.9309338521400778,0.08583690987124463,0.05405405405405406,0.20833333333333334,0.720945712873964,27,69
1300,0.9328793774319066,0.0881057268722467,0.05405405405405406,0.23809523809523808,0.7298565208879111,27,69
1350,0.9312581063553826,0.08620689655172414,0.05405405405405406,0.2127659574468085,0.7279304140290688,27,69
1400,0.9302853437094682,0.07725321888412018,0.04864864864864865,0.1875,0.7405368113888293,27,69
1450,0.9328793774319066,0.09606986899563319,0.05945945945945946,0.25,0.7295283555373242,27,69
400,0.9173151750972762,0.06593406593406594,0.04864864864864865,0.10227272727272728,0.6857611664786554,28,70
450,0.914396887159533,0.06382978723404255,0.04864864864864865,0.09278350515463918,0.6960293857154843,28,70
500,0.9186121919584954,0.08058608058608059,0.05945945945945946,0.125,0.6889850181330003,28,70
550,0.9231517509727627,0.07058823529411765,0.04864864864864865,0.12857142857142856,0.6635745783727847,28,70
600,0.9247730220492867,0.07936507936507936,0.05405405405405406,0.14925373134328357,0.6731156130259269,28,70
650,0.9244487678339819,0.07905138339920949,0.05405405405405406,0.14705882352941177,0.6716463272517084,28,70
700,0.9273670557717251,0.058823529411764705,0.03783783783783784,0.1320754716981132,0.6911050408808257,28,70
750,0.9267185473411155,0.058333333333333334,0.03783783783783784,0.12727272727272726,0.7343445549723577,28,70
800,0.9273670557717251,0.042735042735042736,0.02702702702702703,0.10204081632653061,0.7315439620372355,28,70
850,0.9293125810635539,0.05217391304347826,0.032432432432432434,0.13333333333333333,0.7332108928521484,28,70
900,0.9283398184176395,0.059574468085106386,0.03783783783783784,0.14,0.7431882382555028,28,70
950,0.9289883268482491,0.10612244897959183,0.07027027027027027,0.21666666666666667,0.7256444440300942,28,70
1000,0.9267185473411155,0.10317460317460317,0.07027027027027027,0.19402985074626866,0.7429234684840067,28,70
1050,0.930609597924773,0.07758620689655173,0.04864864864864865,0.19148936170212766,0.7398860744152224,28,70
1100,0.9309338521400778,0.10126582278481013,0.06486486486486487,0.23076923076923078,0.7376597708436274,28,70
1150,0.9293125810635539,0.09166666666666666,0.05945945945945946,0.2,0.7338933276153007,28,70
1200,0.9238002594033723,0.05622489959839357,0.03783783783783784,0.109375,0.7496974725674277,28,70
1250,0.9263942931258107,0.07346938775510205,0.04864864864864865,0.15,0.7383645805170468,28,70
1300,0.9273670557717251,0.104,0.07027027027027027,0.2,0.7337516198502745,28,70
1350,0.9286640726329443,0.11290322580645161,0.07567567567567568,0.2222222222222222,0.7335446519303022,28,70
1400,0.9250972762645915,0.0796812749003984,0.05405405405405406,0.15151515151515152,0.7521270149072841,28,70
1450,0.9280155642023347,0.112,0.07567567567567568,0.2153846153846154,0.7548996392045719,28,70
400,0.9202334630350194,0.1276595744680851,0.0972972972972973,0.18556701030927836,0.6834798579193199,29,71
450,0.9212062256809338,0.13523131672597866,0.10270270270270271,0.19791666666666666,0.6553023875893831,29,71
500,0.9199092088197146,0.08178438661710037,0.05945945945945946,0.13095238095238096,0.6784939820814261,29,71
550,0.9221789883268483,0.1044776119402985,0.07567567567567568,0.1686746987951807,0.6698097200339354,29,71
600,0.9244487678339819,0.10727969348659004,0.07567567567567568,0.18421052631578946,0.6953693258625994,29,71
650,0.9247730220492867,0.07936507936507936,0.05405405405405406,0.14925373134328357,0.7009649180052767,29,71
700,0.9273670557717251,0.11811023622047244,0.08108108108108109,0.21739130434782608,0.7114233239793778,29,71
750,0.9280155642023347,0.11904761904761904,0.08108108108108109,0.22388059701492538,0.709366696810643,29,71
800,0.9267185473411155,0.1171875,0.08108108108108109,0.2112676056338028,0.7202054762592879,29,71
850,0.9286640726329443,0.07563025210084033,0.04864864864864865,0.16981132075471697,0.7033795437382881,29,71
900,0.9289883268482491,0.06808510638297872,0.043243243243243246,0.16,0.7001295880219647,29,71
950,0.9325551232166018,0.09565217391304348,0.05945945945945946,0.24444444444444444,0.7107203788818137,29,71
1000,0.9302853437094682,0.0851063829787234,0.05405405405405406,0.2,0.7151804443284264,29,71
1050,0.9289883268482491,0.0759493670886076,0.04864864864864865,0.17307692307692307,0.7153650373381315,29,71
1100,0.9332036316472114,0.09649122807017543,0.05945945945945946,0.2558139534883721,0.7180854535114625,29,71
1150,0.9328793774319066,0.09606986899563319,0.05945945945945946,0.25,0.7163234293279137,29,71
1200,0.9348249027237354,0.10666666666666667,0.06486486486486487,0.3,0.7101013396977522,29,71
1250,0.9325551232166018,0.08771929824561403,0.05405405405405406,0.23255813953488372,0.7108397117365728,29,71
1300,0.9325551232166018,0.06306306306306306,0.03783783783783784,0.1891891891891892,0.7047500069921595,29,71
1350,0.9319066147859922,0.09482758620689655,0.05945945945945946,0.23404255319148937,0.714184760821532,29,71
1400,0.9325551232166018,0.05454545454545454,0.032432432432432434,0.17142857142857143,0.7196479680784613,29,71
1450,0.9312581063553826,0.1092436974789916,0.07027027027027027,0.24528301886792453,0.7225361960787969,29,71
